Product URL,Product Name,Product Price,Rating,Number of Reviews,Description,ASIN,Product Description,Manufacturer
https://www.amazon.in/Bennett-15-6-inch-Repellent-Backpack-ben_cas_blue/dp/B09WZKB54G,"Bennett 15.6 inch Laptop Bag Men/Women, 25 L Water Resistant School/College Backpack with Padded Laptop Compartment for Apple/Dell/Lenovo/Asus/Hp/Mi/MacBook/Ultrabook/Thinkpad/Ideapad (Blue)",512,3.9 out of 5 stars,575,"PERFECT SIZE & STORAGE SPACE: Laptop backpack with perfect size to hold things and your 15.6 inch laptop or 15 inch, 14 inch Laptop. Convenient main pockets for iPad, charger, binders, books, clothes, ect. Inside pockets keep your wallet, phone. school bag for girls / bags for women / kids school bag / college bags for boys / laptop backpack .    COMPREHENSIVE WORKSPACE: Front two slanted pocket perfect for quick finds such as your ID for work, f gear laptop bags . keys for open door, two side pockets for water bottle and compact umbrella make your items organized. it can be use as school college bags for girls / backpack for men /backpacks for women . you can use it as a gift for men . bags for travelling    COMFY & STURDY: Made from WATER RESISTANT and DURABLE ECO-FRIENDLY nylon fabric with Two PADDED shoulder straps, relieve the stress of shoulder, simple but comfortable back design offer your great back support, making your working, journey and travelling more convenient wherever you go. you can use it such as office bag for men . office bag for women .    EFFORTLESS CARRYING: This lightweight backpack is the perfect travel companion for carrying a laptop, books, and accessories when visiting the airport, going to the school, college office, exploring a new city, or using it as a laptop bag.    MULTIPURPOSE & SIZE: 20 x 12.2 x 5.7 Inch, perfect to throw under your seat on an airplane when you are traveling or on business trip. Suitable for back to school college, can be easily stored. Good choose for a business laptop backpack, work backpack, laptop bag for men and women, also will be a good gifts for women, gifts for men, gifts for boyfriend or girlfriend and gift bag for travelers.    Strap type: Shoulder Strap    Water Resistance Level: water_resistant    
› See more product details",,,Visit the Bennett Store
https://www.amazon.in/Motherly-Diaper-Bags-Travel-Basic/dp/B07PKQ3WJZ,motherly Diaper Bags for Mom Travel Basic Edition (Navy Blue),"1,549",4.5 out of 5 stars,"2,485",,,,
https://www.amazon.in/TRAWOC-Backpack-Trekking-Rucksack-Warranty/dp/B0847PGZZM,TRAWOC 80L Travel Backpack for Outdoor Sport Camp Hiking Trekking Bag Camping Rucksack HK007 (PARENT) 1 Year Warranty,"2,332",4.4 out of 5 stars,More Like This,,,,
https://www.amazon.in/Safari-Formal-Backpack-Anti-Theft-VAULT19CBBLK/dp/B07XSTR69N,"Safari 48 Cms Black Formal/Office/Laptop Backpack With Anti-Theft, Lock, Usb And Rfid (Vault19Cbblk)",997,4.0 out of 5 stars,More Like This,,,,
https://www.amazon.in/LOOKMUSTER-Waterproof-Backpack-College-Business/dp/B0BS6YGKMC,LOOKMUSTER Casual Waterproof Laptop Backpack/Office Bag/School Bag/College Bag/Business Bag/Travel Backpack…,598,3.9 out of 5 stars,More Like This,,,,
https://www.amazon.in/PALAY%C2%AE-Shoulder-4-Zipper-Pockets-Adjustable/dp/B08SWGFBNT,"Palay Waist Bag For Unisex With Adjustable Strap, Waterproof Fanny Pack Stylish Chest Bag Bum Bag With 4-Zipper Pockets For Travel Party Festival Running Hiking",584,4.4 out of 5 stars,More Like This,,,,
https://www.amazon.in/DZert-Girls-Polyester-White-Backpack/dp/B07H1BPCGQ,DZert Clasy Laptop Bag College Bag for Boys Girls 21 L Nevy Blue,339,3.8 out of 5 stars,More Like This,,,,
https://www.amazon.in/Martucci-Casual-Travelling-Laptop-Backpack/dp/B088B4P6ZW,Martucci 15.6 inch 30 L Casual Waterproof Laptop Backpack/Office Bag/School Bag/College Bag/Business Bag/Unisex Travel Backpack(Black),549,3.9 out of 5 stars,More Like This,,,,
https://www.amazon.in/Safari-Overnighter-Resistant-Travelling-All-Purpose/dp/B097JMR4M6,"Safari Seek 32 Ltrs Overnighter Travel Laptop Backpack (Black), Water Resistant Spacious Bag for Travelling and Camping, All-Purpose Bag for Business & Leisure","1,949",4.3 out of 5 stars,More Like This,,,,
https://www.amazon.in/Gear-Ltrs-Casual-Backpack-MDBKPECO50504/dp/B0757K36YV,Gear Moderneco5 21L Water Resistant School Bag/Backpack/College Bag For Men/Women - Navyblue,379,3.9 out of 5 stars,More Like This,,,,
https://www.amazon.in/Lavie-Sport-Casual-Backpack-Charge/dp/B083KW31YD,Lavie Sport Charge 36 litres Backpack with Laptop Sleeve | School College Bag for Boys & Girls,839,3.9 out of 5 stars,More Like This,,,,
https://www.amazon.in/Cosmus-Casual-Backpack-Charger-College/dp/B08D7D21FV,Cosmus Vogue Casual Laptop Backpack with USB Charger Port 44cm 26 Litre Grey College Bag,"1,358",4.2 out of 5 stars,More Like This,,,,
https://www.amazon.in/COSMUS-Polyester-Navy-Laptop-Backpack/dp/B01FVQLLU0,COSMUS Darwin Navy Blue Laptop Backpack for (15.6 inch),"1,333",4.3 out of 5 stars,More Like This,,,,
https://www.amazon.in/Capriff-Liters-Collage-travell-Backpack/dp/B084T7X2HX,CAPRIFF 32 L Casual Waterproof Laptop Bag/Backpack for Men Boys & Girls For Office School College Teens & Students with Rain Cover With adjustable Strap With 2 Compartment,499,3.8 out of 5 stars,More Like This,,,,
https://www.amazon.in/Cosmus-Casual-Backpack-Charger-College/dp/B09HX54TGF,COSMUS Vogue Casual Laptop Backpack with USB Charger Port 46cm 26 Litre Maroon College Bag,"1,261",4.2 out of 5 stars,More Like This,,,,
https://www.amazon.in/Gizga-Essentials-Organizer-Multi-Utility-Cosmetics/dp/B09WVRKYCJ,"Gizga Essentials Travel Toiletry Kit Bag for Men & Women, Travel Organizer Case with Handle & Hook, Premium Zipper, Multiple Pockets, Multi-Utility Pouch for Shaving Makeup Cosmetics, Light Grey",413,4.3 out of 5 stars,118,,,,
https://www.amazon.in/Messenger-Water-resistant-Briefcase-Multiple-Men-Black/dp/B0B6G58BYC,"ah arctic hunter Laptop Bag,Messenger Bags For Men And Women Laptop Sling Bag With Handle Water-resistant Laptop Briefcase For 15.6 Inch Laptop Multiple Pockets Travel Office For Men.Black","2,849",4.5 out of 5 stars,72,,,,
https://www.amazon.in/BP1501-15-6-inch-Gaming-Laptop-Backpack/dp/B081RLHHCY,Asus ROG BP1501 39.62 cm (15.6-inch) Gaming Laptop Backpack (Black),"1,499",4.3 out of 5 stars,925,,,,
https://www.amazon.in/Storite-Travel-Bag-Lightweight-Waterproof/dp/B0B24Z8KBV,"Storite Nylon 40 Cm Imported Travel Duffle Bag, Expandable Folding Travel Bag for Women, Lightweight Waterproof Carry Weekender Overnight Luggage Bag for Travel (Pink, 40 x 23 x 45 Cm)",998,4.1 out of 5 stars,More Like This,,,,
https://www.amazon.in/American-Tourister-Polyester-Compartment-Backpack/dp/B0BWFFFT5H,"American Tourister Sest+ Polyester 2 Compartment Unisex Backpack (Grey,Frsz)","1,430",4.1 out of 5 stars,More Like This,,,,
https://www.amazon.in/POLICE-Stylish-Premium-Quality-Backpack/dp/B084Q4N84P,POLICE Walt Laptop Backpack Business Office College Travel Bags for Men Fits Up to 15 inch Laptop Notebook - Black,"1,689",4.1 out of 5 stars,More Like This,,,,
https://www.amazon.in/ASIAN-Sling-Bag-women-Handmade/dp/B09SXRZ7FW,ASIAN Sling Bag for Women - Handmade Bags for Females - Jute and Indian Fabric Slings - Side Bags for Mobile Phones and Wallets (Black),224,3.6 out of 5 stars,86,,,,
https://www.amazon.in/Wildcraft-Turnaround-Polyester-Laptop-8903338054696/dp/B012D518O6,Wildcraft Unisex-Adult 28 ltrs Laptop Bag Black,"1,724",4.2 out of 5 stars,More Like This,"Outer Material: Polyester, Color: Black    Water Resistance: Water resistant; Dimensions: 39 cms x 19 cms x 51 cms (LxWxH)    Capacity: 28 liters; Dimensions: 37 cms x 19 cms x 52 cms (LxWxH)    Number of compartments: 2    Laptop Compatibility: Yes, Size: 16 inches    Light Weight    Durable    
   Padded Shoulders Warranty Type: Manufacturer; 5 years domestic warranty   Show More",,"The double compartment laptop bag has a padded sleeve for your laptop, an internal organiser and quick access pockets to store your essentials and accessories. With a side mesh pocket for your sipper or water bottle, the backpack has a Ventex back system that reduces perspiration. With ample support from the well cushioned back and a padded quick grab haul loop, this backpack is ideal for everyday use and for travel upto 2 days",Brand: Wildcraft
https://www.amazon.in/COSMUS-Multipurpose-Backpack-Bag-compartment/dp/B078JVT384,"COSMUS Madison waterproof Multipurpose Backpack With laptop compartment , 33L","1,420",4.2 out of 5 stars,More Like This,,,,
https://www.amazon.in/NORTH-ZONE-Lightweight-Backpacks-Stylish/dp/B0BL3SPN16,NORTH ZONE Lightweight school bags Backpacks for Boys Girls Stylish men and women Casual Travel Laptop Bag College office,568,3.9 out of 5 stars,More Like This,,,,
https://www.amazon.in/Gear-Colorado-Navy-Laptop-Backpack/dp/B097K6SPH7,F Gear Colorado Navy Lmn yelw 39 Ltrs Laptop Backpack (3813),999,4.2 out of 5 stars,More Like This,"2-main zippered compartment, one inside sleeve for laptop, a front pocket with an organizer.    One zippered front pocket, one mesh zippered pocket & two mesh pockets on both sides.    Thick padding anti-sweat breathable air mesh & adjustable padded shoulder straps.    World’s best Japanese brand YKK zippers and sliders.    Comes with the F Gear promise of quality and durability.",,F Gear presents gigantic laptop backpack blends style and functionality. It comes with substantial capacity to accommodate your laptop and several other essentials with ease. This bag does way more than just look good. It provides extra protection for all your valuable devices. The dimensions of the bag are - 34 x 22 x 52 with a capacity of 39 L. To describe it briefly here are the following points: 1. This backpack is made of polyester fabric and is treated to make it water-resistant. 2. This backpack comes with 2-main zippered compartment with an inside sleeve compatible for laptop. 3. This backpack has a front compartment with an organizer. 4. This backpack comes with one zippered front pocket & one quick access mesh zippered. 5. This backpack is equipped with thick padding with anti-sweat breathable air mesh & adjustable padded shoulder straps for extra comfort. 6. Apart from this it has world’s best Japanese brand YKK zippers and sliders. 7. This backpack has two mesh pockets on both sides. 8. Comes with the F Gear promise of quality and durability.,Visit the F Gear Store
https://www.amazon.in/Girls-1518-Polyester-Designer-Waterproof-Bag-Backpack/dp/B08F9QYRZB,Beauty Girls-1518 Polyester Floral printed Designer Stylish Waterproof School/Collage/Picknic Bag-Backpack For Girls & Women (32 Lit),798,4.4 out of 5 stars,More Like This,,,,
https://www.amazon.in/Pqwata-Capacity-Portable-Foldable-Weekender/dp/B09YRZ3TLY,"Pqwata Gym Bag, Travel Bag Sport Duffel Bag, Large Capacity Portable Foldable, Carry Luggage Bag for Weekender Sports, Vacation for Men Women (Multy Colour)",799,4.5 out of 5 stars,More Like This,,,,
https://www.amazon.in/Purple-Tree-Fatty-Handbag-Womens/dp/B09PQNK66Z,"The Purple Tree Fatty Tote Bag For Women, Women Fatty Tote Bag, Handbag, Women Handbag, Women Bag, Handbag for Women, Women's Tote, Gift For Women A",599,4.1 out of 5 stars,More Like This,,,,
https://www.amazon.in/Waterproof-Laptop-College-Backpack-Navy_Blue/dp/B0BW9GWPYH,30 L Waterproof Laptop/College/School/Office Bag Backpack for Men Women Boys Girls with Rain Cover (Navy_Blue),499,5.0 out of 5 stars,More Like This,,,,
https://www.amazon.in/Wildcraft-Polyester-Black-Laptop-8903338054290/dp/B012D4QKHW,Wildcraft 44 cms Polyester Black Laptop Bag (8903338054290),"1,589",4.3 out of 5 stars,More Like This,,,,
https://www.amazon.in/Lino-Perros-yellow-shoulder-WHITE/dp/B09MRY9BQ7,Lino Perros Women Shoulder Bag,978,4.2 out of 5 stars,336,,,,
https://www.amazon.in/F-Gear-Tandrum-Leather-Laptop-Backpack/dp/B071GY723F,F Gear Tandrum V2 Leather 28 Liters Laptop Backpack Sch Bag(Black),"1,145",4.3 out of 5 stars,More Like This,,,,
https://www.amazon.in/Lavie-Sport-Casual-Backpack-PERK/dp/B083KT22HZ,Lavie Sport Perk 36 litres Backpack with Laptop Sleeve | School College Bag for Boys & Girls,849,3.6 out of 5 stars,More Like This,,,,
